City_ID,City,Country,Lat,Lng,Max Temp,Humidity,Cloudiness,Wind Speed,Weather Description
0,Punta Arenas,CL,-53.15,-70.9167,57.0,54,90,11.5,overcast clouds
1,Matara,LK,5.9485,80.5353,72.73,90,83,2.42,broken clouds
2,Ushuaia,AR,-54.8,-68.3,57.2,51,75,9.22,broken clouds
3,Khatanga,RU,71.9667,102.5,-26.25,86,98,7.99,overcast clouds
4,Kodiak,US,57.79,-152.4072,35.6,75,75,12.66,light snow
5,Tuatapere,NZ,-46.1333,167.6833,72.0,51,72,3.0,broken clouds
6,Timra,SE,62.487,17.3257,25.0,74,0,11.5,clear sky
7,Makakilo City,US,21.3469,-158.0858,80.6,54,1,9.22,clear sky
8,Flinders,AU,-34.5833,150.8552,66.99,96,100,1.01,overcast clouds
9,Rikitea,PF,-23.1203,-134.9692,80.53,72,26,10.11,scattered clouds
10,Faanui,PF,-16.4833,-151.75,81.54,75,10,11.7,moderate rain
11,Roebourne,AU,-20.7833,117.1333,83.12,60,42,5.5,scattered clouds
12,Antalaha,MG,-14.9003,50.2788,74.93,89,100,4.47,overcast clouds
13,Faya,SA,18.3851,42.4509,57.2,76,0,2.71,clear sky
14,Mar Del Plata,AR,-38.0023,-57.5575,69.01,100,90,13.8,drizzle
15,Asau,RO,46.4333,26.4,16.0,43,0,7.74,clear sky
16,Mataura,NZ,-46.1927,168.8643,72.0,51,81,3.0,broken clouds
17,Ancud,CL,-41.8697,-73.8203,57.99,71,0,4.61,clear sky
18,Novo Aripuana,BR,-5.1206,-60.3797,74.95,96,79,1.9,broken clouds
19,Stabat,ID,3.761,98.4513,77.0,94,40,3.44,haze
20,Chuy,UY,-33.6971,-53.4616,70.09,93,100,8.68,moderate rain
21,Hilo,US,19.7297,-155.09,82.4,51,20,5.75,few clouds
22,Butaritari,KI,3.0707,172.7902,81.21,83,0,12.01,clear sky
23,Thompson,CA,55.7435,-97.8558,-23.8,76,1,1.14,clear sky
24,Lompoc,US,34.6391,-120.4579,55.4,76,1,17.27,clear sky
25,Goderich,CA,43.7501,-81.7165,10.4,79,70,3.44,broken clouds
26,General Pico,AR,-35.6566,-63.7568,65.79,83,45,5.03,scattered clouds
27,Saint-Francois,FR,46.4154,3.9054,24.01,79,0,3.44,clear sky
28,Port Alfred,ZA,-33.5906,26.891,75.0,95,73,5.01,broken clouds
29,Yellowknife,CA,62.456,-114.3525,-13.0,77,20,3.44,few clouds
30,Port Hedland,AU,-20.3167,118.5667,84.2,70,90,5.75,overcast clouds
31,San Juan,AR,-31.5375,-68.5364,76.66,42,100,18.95,light rain
32,Dondo,MZ,-19.6094,34.7431,72.37,92,79,4.99,broken clouds
33,Hermanus,ZA,-34.4187,19.2345,68.0,84,1,1.01,clear sky
34,Saskylakh,RU,71.9167,114.0833,-28.88,82,73,1.68,broken clouds
35,Longyearbyen,SJ,78.2186,15.6401,8.6,85,90,6.91,light snow
36,Kapaa,US,22.0752,-159.319,78.01,57,1,8.05,clear sky
37,Klaksvik,FO,62.2266,-6.589,37.4,70,75,19.57,broken clouds
38,Bianzhuang,CN,34.8486,118.0447,48.58,82,2,5.61,clear sky
39,Kaitangata,NZ,-46.2817,169.8464,64.0,70,72,4.0,broken clouds
40,Portland,US,45.5234,-122.6762,27.0,74,90,23.02,snow
41,Hambantota,LK,6.1241,81.1185,71.6,100,0,2.3,clear sky
42,Escarcega,MX,18.6089,-90.7454,77.97,64,1,6.22,clear sky
43,Sambava,MG,-14.2667,50.1667,74.19,86,100,4.23,overcast clouds
44,Bredasdorp,ZA,-34.5322,20.0403,69.8,83,15,2.3,few clouds
45,Prince Rupert,CA,54.3161,-130.3201,33.8,27,1,11.5,clear sky
46,Egvekinot,RU,66.3167,-179.1667,-17.36,87,100,19.84,overcast clouds
47,Adana,TR,36.985,35.2881,53.6,94,40,9.22,scattered clouds
48,Seoul,KR,37.5683,126.9778,35.6,93,0,1.14,fog
49,San Pedro,PH,14.35,121.0167,75.2,88,90,5.75,overcast clouds
50,Igarka,RU,67.4667,86.5833,-33.9,83,0,2.57,clear sky
51,Lorengau,PG,-2.0226,147.2712,84.43,74,97,4.27,overcast clouds
52,East London,ZA,-33.0153,27.9116,75.54,84,9,9.42,clear sky
53,Tasiilaq,GL,65.6145,-37.6368,32.0,69,90,39.12,overcast clouds
54,Omsukchan,RU,62.5333,155.8,-11.97,85,25,4.81,scattered clouds
55,Taltal,CL,-25.4,-70.4833,67.64,72,0,4.29,clear sky
56,Bluff,NZ,-46.6,168.3333,72.0,51,82,3.0,broken clouds
57,Alofi,NU,-19.0595,-169.9187,86.0,74,76,10.36,broken clouds
58,Tarko-Sale,RU,64.9225,77.785,-28.7,83,100,0.81,overcast clouds
59,Tuktoyaktuk,CA,69.4541,-133.0374,-4.0,77,75,4.61,broken clouds
60,Vaini,TO,-21.2,-175.2,86.0,74,75,8.05,broken clouds
61,Albany,US,42.6001,-73.9662,15.01,46,94,2.89,overcast clouds
62,Kollegal,IN,12.15,77.1167,64.4,63,20,1.34,few clouds
63,Hofn,IS,64.2539,-15.2082,40.66,73,100,20.22,light rain
64,Ballitoville,ZA,-29.539,31.2144,77.0,88,0,1.14,clear sky
65,Buenos Aires,AR,-34.6132,-58.3772,73.99,78,0,3.44,clear sky
66,Bati,ET,11.1833,40.0167,62.15,51,92,2.86,overcast clouds
67,Pevek,RU,69.7008,170.3133,-19.32,89,100,6.44,overcast clouds
68,Qaanaaq,GL,77.484,-69.3632,-0.72,71,0,5.77,clear sky
69,Yatou,CN,37.15,122.3833,48.2,64,0,5.3,clear sky
70,Araouane,ML,18.9048,-3.5265,73.63,16,0,9.57,clear sky
71,Chokurdakh,RU,70.6333,147.9167,-22.02,72,0,3.42,clear sky
72,Korla,CN,41.7597,86.1469,32.18,86,22,6.24,few clouds
73,Conakry,GN,9.538,-13.6773,78.8,78,0,2.3,haze
74,Bengkulu,ID,-3.8004,102.2655,80.65,75,68,3.4,broken clouds
75,Kununurra,AU,-15.7667,128.7333,89.6,74,0,4.61,clear sky
76,Oshawa,CA,43.9001,-78.8496,12.99,48,75,4.61,broken clouds
77,Namtsy,RU,62.7161,129.6658,-4.0,84,0,4.47,clear sky
78,Qasigiannguit,GL,68.8193,-51.1922,6.8,78,75,1.14,broken clouds
79,Trairi,BR,-3.2778,-39.2689,79.21,83,85,7.81,overcast clouds
80,Sayyan,YE,15.1718,44.3244,50.25,45,76,2.51,broken clouds
81,Markapur,IN,15.7333,79.2833,63.37,80,42,1.36,scattered clouds
82,Lasa,IT,46.6166,10.7002,10.4,85,0,9.22,clear sky
83,Saldanha,ZA,-33.0117,17.9442,62.6,88,0,4.61,clear sky
84,Mahebourg,MU,-20.4081,57.7,78.8,83,40,10.36,scattered clouds
85,Nikolskoye,RU,59.7035,30.7861,1.99,77,75,4.47,light snow
86,Hamilton,US,39.1834,-84.5333,27.0,68,90,10.36,overcast clouds
87,Georgetown,MY,5.4112,100.3354,81.0,88,20,2.3,few clouds
88,Marystown,CA,47.1666,-55.1483,27.95,92,1,21.43,clear sky
89,New Norfolk,AU,-42.7826,147.0587,70.0,46,99,3.0,overcast clouds
90,Teya,RU,60.3778,92.6267,-19.07,84,100,3.6,overcast clouds
91,Yulara,AU,-25.2406,130.9889,66.2,72,90,20.71,overcast clouds
92,Avarua,CK,-21.2078,-159.775,86.0,70,75,4.61,light rain
93,Bomet,KE,-0.7813,35.3416,58.44,95,100,2.21,moderate rain
94,Geraldton,AU,-28.7667,114.6,89.6,27,100,12.66,overcast clouds
95,Ayan,RU,56.45,138.1667,15.62,95,100,7.78,overcast clouds
96,Kongoussi,BF,13.3258,-1.5347,74.23,17,0,7.47,clear sky
97,Kruisfontein,ZA,-34.0033,24.7314,73.99,91,100,1.01,overcast clouds
98,Whitehorse,CA,60.7161,-135.0538,-4.0,65,1,4.63,clear sky
99,Olavarria,AR,-36.8927,-60.3225,69.01,95,52,7.0,broken clouds
100,Mogadishu,SO,2.0371,45.3438,75.52,82,16,18.03,few clouds
101,Ekibastuz,KZ,51.6667,75.3667,-3.35,91,49,6.67,scattered clouds
102,Fortuna,US,40.5982,-124.1573,53.01,94,100,4.29,overcast clouds
103,Belousovka,KZ,50.1339,82.5239,-18.4,76,20,1.5,mist
104,Mwinilunga,ZM,-11.7358,24.4293,61.72,96,95,3.87,overcast clouds
105,Iqaluit,CA,63.7506,-68.5145,-7.6,71,20,11.5,few clouds
106,Puerto Ayora,EC,-0.7393,-90.3518,75.99,96,77,3.0,light rain
107,Esperance,AU,-33.8667,121.9,64.4,72,0,8.05,clear sky
108,Katsuura,JP,35.1333,140.3,54.0,61,20,5.75,few clouds
109,Cidreira,BR,-30.1811,-50.2056,74.95,81,100,16.51,overcast clouds
110,Toba,JP,34.4833,136.85,54.0,79,97,1.01,overcast clouds
111,Coihaique,CL,-45.5752,-72.0662,68.0,40,0,5.75,clear sky
112,Tiksi,RU,71.6872,128.8694,-10.82,91,28,2.55,scattered clouds
113,Halifax,CA,44.6453,-63.5724,26.6,74,72,5.75,broken clouds
114,Reno,US,39.5296,-119.8138,50.0,46,75,13.8,broken clouds
115,Itapirapua,BR,-15.8233,-50.6133,72.19,94,100,3.29,light rain
116,Sarkand,KZ,45.41,79.9186,25.36,84,100,0.83,overcast clouds
117,Touros,BR,-5.1989,-35.4608,80.6,74,20,8.05,few clouds
118,Kashi,CN,39.4547,75.9797,39.2,33,0,8.95,clear sky
119,Kavieng,PG,-2.5744,150.7967,84.25,74,3,8.52,light rain
120,Havelock,US,34.8791,-76.9013,41.0,100,90,11.5,mist
121,Bayan,CN,46.0833,127.4,19.74,95,93,2.21,overcast clouds
122,Padang,ID,-0.9492,100.3543,75.2,94,20,2.3,few clouds
123,Port-Cartier,CA,50.0334,-66.8654,19.4,58,90,4.61,overcast clouds
124,Paratinga,BR,-12.6906,-43.1842,76.1,65,100,6.04,overcast clouds
125,Salalah,OM,17.0151,54.0924,66.2,45,0,4.61,clear sky
126,Saint George,US,37.1041,-113.5841,62.01,33,1,4.41,clear sky
127,Hobart,AU,-42.8794,147.3294,70.0,48,75,8.05,broken clouds
128,Walvis Bay,NA,-22.9575,14.5053,69.01,83,26,8.05,scattered clouds
129,Along,IN,28.1667,94.7667,53.6,60,22,1.79,few clouds
130,Upernavik,GL,72.7868,-56.1549,-2.31,81,0,8.21,clear sky
131,Davydivka,UA,48.121,25.5646,12.99,66,9,11.23,clear sky
132,New Plymouth,NZ,-39.0667,174.0833,64.0,65,26,5.99,scattered clouds
133,Deer Lake,CA,49.1667,-57.4316,28.4,74,75,5.75,broken clouds
134,Vostok,RU,46.4856,135.8833,26.96,97,100,5.75,overcast clouds
135,Kalmunai,LK,7.4167,81.8167,73.83,91,38,7.78,scattered clouds
136,San Cristobal,VE,7.7669,-72.225,68.22,73,91,0.18,overcast clouds
137,Daru,PG,-9.0763,143.2092,82.67,82,63,7.92,broken clouds
138,Dekar,BW,-21.5333,21.9333,66.69,84,99,3.91,overcast clouds
139,Arraial Do Cabo,BR,-22.9661,-42.0278,76.37,88,100,18.28,moderate rain
140,Sisimiut,GL,66.9395,-53.6735,12.25,92,90,5.84,overcast clouds
141,Illapel,CL,-31.6308,-71.1653,65.44,69,0,1.77,clear sky
142,Shakiso,ET,5.75,38.9167,56.53,63,40,3.38,scattered clouds
143,Quang Ngai,VN,15.1167,108.8,66.04,80,83,4.47,broken clouds
144,Oktyabrskoye,RU,43.0645,44.7417,33.8,100,100,4.47,overcast clouds
145,Axim,GH,4.8699,-2.2405,80.73,86,6,7.63,clear sky
146,Clyde River,CA,70.4692,-68.5914,-0.4,85,100,20.71,light snow
147,Eina,NO,60.6295,10.5993,1.4,92,0,3.44,clear sky
148,Zeya,RU,53.75,127.2667,12.11,94,100,6.31,light snow
149,Xai-Xai,MZ,-25.0519,33.6442,77.92,89,100,10.69,moderate rain
150,Vrangel,RU,42.7297,133.0839,36.59,83,99,3.11,overcast clouds
151,Torbay,CA,47.6666,-52.7314,30.99,93,90,33.38,snow
152,Carnarvon,AU,-24.8667,113.6333,84.2,84,40,8.05,scattered clouds
153,Xichang,CN,27.8964,102.2634,48.36,58,2,1.03,clear sky
154,Victoria,HK,22.2855,114.1577,64.99,82,81,3.0,broken clouds
155,Jamestown,US,42.097,-79.2353,15.8,73,75,5.75,broken clouds
156,Bonavista,CA,48.6499,-53.1147,30.99,93,100,11.5,light snow
157,Barra Dos Coqueiros,BR,-10.9089,-37.0386,80.6,69,20,10.36,few clouds
158,Cherskiy,RU,68.75,161.3,-21.01,82,0,1.59,clear sky
159,Busselton,AU,-33.65,115.3333,70.0,65,0,3.0,clear sky
160,Juneau,US,58.3019,-134.4197,33.8,32,1,24.16,clear sky
161,Nanakuli,US,21.3906,-158.1547,80.6,54,1,9.22,clear sky
162,Luba,GQ,3.4568,8.5547,78.8,83,20,4.61,few clouds
163,Haines Junction,CA,60.7522,-137.5108,-2.2,50,0,3.44,clear sky
164,North Bend,US,43.4065,-124.2243,50.0,93,90,9.22,mist
165,Twante,MM,16.7167,95.9333,68.0,88,24,2.3,few clouds
166,Whitley Bay,GB,55.0397,-1.4471,32.0,59,90,9.22,overcast clouds
167,La Orilla,MX,17.9833,-102.2333,72.25,71,1,8.5,clear sky
168,Pacific Grove,US,36.6177,-121.9166,55.0,82,75,4.61,broken clouds
169,Mount Isa,AU,-20.7333,139.5,91.4,49,75,10.36,broken clouds
170,Arcos De La Frontera,ES,36.7508,-5.8106,53.01,100,28,2.3,scattered clouds
171,Leeton,AU,-34.5667,146.4,75.0,43,0,13.8,clear sky
172,Puerto Escondido,MX,15.85,-97.0667,78.8,78,40,3.44,scattered clouds
173,Abdanan,IR,32.9926,47.4198,48.24,50,0,1.99,clear sky
174,Broome,US,42.2506,-75.833,15.8,48,90,4.61,overcast clouds
175,Hovd,MN,48.0056,91.6419,3.27,90,0,1.34,clear sky
176,Saint-Philippe,RE,-21.3585,55.7679,78.8,65,75,9.22,light rain
177,Broken Hill,AU,-31.95,141.4333,66.2,48,0,18.41,clear sky
178,Provideniya,RU,64.3833,-173.3,-0.35,89,100,30.4,light snow
179,Pangkalanbuun,ID,-2.6833,111.6167,81.03,81,7,3.31,clear sky
180,Hongjiang,CN,27.11,109.9956,55.83,73,0,1.14,clear sky
181,Port Hardy,CA,50.6996,-127.4199,35.6,47,90,31.07,light snow
182,Leningradskiy,RU,69.3833,178.4167,-18.08,84,100,8.08,overcast clouds
183,Sabinas Hidalgo,MX,26.5,-100.1667,47.79,57,100,6.78,overcast clouds
184,Khash,IR,28.2211,61.2158,44.38,52,0,1.34,clear sky
185,Isangel,VU,-19.55,169.2667,82.4,83,75,6.17,broken clouds
186,Aklavik,CA,68.2191,-135.0107,-7.6,71,40,2.3,scattered clouds
187,Terracina,IT,41.2863,13.2217,50.0,90,100,4.0,overcast clouds
188,Nusaybin,TR,37.0778,41.2178,46.4,66,0,6.91,clear sky
189,Anaimalai,IN,10.5833,76.9333,66.2,82,20,4.14,mist
190,Cockburn Town,TC,21.4612,-71.1419,75.2,83,40,17.27,scattered clouds
191,Baherden,TM,38.4362,57.4316,51.28,49,0,7.58,clear sky
192,Dryden,CA,49.7833,-92.7503,-16.6,58,90,3.44,overcast clouds
193,Asuncion,PY,-25.3007,-57.6359,78.8,69,0,4.61,clear sky
194,Pampas,PE,-12.4,-74.9,48.4,76,100,6.82,overcast clouds
195,Batagay,RU,67.6333,134.6333,-15.48,85,0,1.01,clear sky
196,Otaki,NZ,-40.7583,175.15,69.01,70,0,7.0,clear sky
197,Ribeira Grande,PT,38.5167,-28.7,60.6,78,100,28.88,overcast clouds
198,Bosaso,SO,11.2842,49.1816,70.34,56,85,2.64,overcast clouds
199,Port Elizabeth,ZA,-33.918,25.5701,75.2,94,40,14.97,scattered clouds
200,Margate,GB,51.3813,1.3862,30.0,58,8,8.01,clear sky
201,Sanchor,IN,24.7553,71.7722,53.33,55,37,0.83,scattered clouds
202,Neuquen,AR,-38.9516,-68.0591,82.4,36,0,8.05,clear sky
203,Half Moon Bay,US,37.4636,-122.4286,55.99,82,90,10.36,overcast clouds
204,Cape Town,ZA,-33.9258,18.4232,68.0,88,0,9.22,clear sky
205,Laje,BR,-10.1833,-40.9667,72.57,65,0,9.44,clear sky
206,Cabo San Lucas,MX,22.8909,-109.9124,68.0,72,1,13.8,clear sky
207,Itarema,BR,-2.9248,-39.9167,80.02,81,75,11.54,broken clouds
208,Envira,BR,-7.3,-70.2167,73.89,97,100,1.32,overcast clouds
209,Sesheke,ZM,-17.4759,24.2968,65.64,98,100,0.25,heavy intensity rain
210,Batesville,US,35.7698,-91.641,26.01,68,90,6.91,overcast clouds
211,Chincha Alta,PE,-13.4099,-76.1323,73.4,78,0,16.11,clear sky
212,Mariental,NA,-24.6333,17.9667,66.63,80,100,6.29,light rain
213,Namibe,AO,-15.1961,12.1522,73.27,75,22,0.94,few clouds
214,Baruun-Urt,MN,46.6806,113.2792,-5.69,84,82,4.0,broken clouds
215,Dakar,SN,14.6937,-17.4441,64.4,82,0,11.5,clear sky
216,Ilulissat,GL,69.2167,-51.1,6.8,78,75,1.14,broken clouds
217,Thinadhoo,MV,0.5333,72.9333,82.45,67,100,10.65,overcast clouds
218,Atuona,PF,-9.8,-139.0333,79.14,78,4,14.56,clear sky
219,Hasaki,JP,35.7333,140.8333,50.0,66,20,3.44,few clouds
220,Urambo,TZ,-5.0667,32.05,64.96,92,93,1.43,overcast clouds
221,Blankenberge,BE,51.3131,3.1323,23.0,72,0,4.0,clear sky
222,Dubbo,AU,-32.25,148.6167,73.4,83,90,6.91,overcast clouds
223,Severo-Kurilsk,RU,50.6789,156.125,28.63,95,100,6.13,overcast clouds
224,Carlos Barbosa,BR,-29.2975,-51.5036,69.01,94,100,3.87,overcast clouds
225,Ulaangom,MN,49.9811,92.0667,-10.66,83,12,0.94,few clouds
226,Kavaratti,IN,10.5669,72.642,80.53,63,40,6.02,scattered clouds
227,Cortez,US,37.3489,-108.5859,42.8,61,40,3.06,scattered clouds
228,Camocim,BR,-2.9022,-40.8411,79.36,83,100,11.88,overcast clouds
229,Campos,BR,-21.75,-41.3,76.15,82,100,6.93,heavy intensity rain
230,Ambilobe,MG,-13.2,49.05,73.22,94,92,2.64,overcast clouds
231,Tual,ID,-5.6667,132.75,84.22,75,99,10.51,overcast clouds
232,Ponta Do Sol,PT,32.6667,-17.1,55.99,74,0,5.01,clear sky
233,Robe,AU,-37.1833,139.75,62.4,70,1,10.18,clear sky
234,Sitka,US,57.0531,-135.33,39.2,24,20,20.71,few clouds
235,Revelstoke,CA,50.9832,-118.2023,14.0,52,1,2.3,clear sky
236,Tabou,CI,4.423,-7.3528,78.62,90,0,7.61,clear sky
237,Rabo De Peixe,PT,37.8,-25.5833,60.01,94,20,12.66,few clouds
238,Luderitz,NA,-26.6481,15.1594,63.41,86,15,5.32,few clouds
239,Eyrarbakki,IS,63.863,-21.1481,41.0,65,90,19.57,overcast clouds
240,Ruteng,ID,-8.6136,120.4721,72.3,78,96,1.88,overcast clouds
241,Najran,SA,17.4924,44.1277,55.4,44,0,2.62,clear sky
242,Olafsvik,IS,64.8945,-23.7142,39.74,72,100,26.75,light rain
243,Husavik,IS,66.0449,-17.3389,35.6,69,0,14.97,clear sky
244,Dunkwa,GH,5.9656,-1.78,76.53,90,0,3.96,clear sky
245,Fort-Shevchenko,KZ,44.5086,50.263,46.98,75,99,26.02,overcast clouds
246,Majene,ID,-3.5403,118.9707,79.88,82,100,3.0,moderate rain
247,Mataram,ID,-8.5833,116.1167,82.4,74,40,4.61,scattered clouds
248,Nakatunguru,TZ,-2.1167,33.0667,72.57,77,100,11.32,overcast clouds
249,Pilar,BR,-9.5972,-35.9567,75.2,94,40,3.44,scattered clouds
250,Rio Grande,BR,-32.035,-52.0986,70.0,93,100,13.06,moderate rain
251,Taoudenni,ML,22.6783,-3.9836,68.61,19,0,14.74,clear sky
252,Guerrero Negro,MX,27.9769,-114.0611,60.89,71,72,18.28,broken clouds
253,Castro,BR,-24.7911,-50.0119,61.88,94,71,3.31,broken clouds
254,Ust-Tsilma,RU,65.441,52.1498,-8.46,90,85,2.04,overcast clouds
255,Manggar,ID,-2.8833,108.2667,81.41,77,63,10.71,broken clouds
256,Buraydah,SA,26.326,43.975,59.0,67,0,6.91,clear sky
257,Livingston,GB,55.9029,-3.5226,26.6,68,20,13.8,few clouds
258,Dikson,RU,73.5069,80.5464,-25.74,87,100,10.89,overcast clouds
259,Norman Wells,CA,65.282,-126.8329,-5.8,77,20,9.22,few clouds
260,Uige,AO,-7.6087,15.0613,65.95,96,5,1.16,clear sky
261,Dapaong,TG,10.8639,0.205,75.27,17,0,6.82,clear sky
262,Sakaiminato,JP,35.55,133.2333,42.8,87,75,3.44,broken clouds
263,Druzhba,UA,52.0428,33.9453,6.87,95,100,9.31,overcast clouds
264,Bilibino,RU,68.0546,166.4372,-17.09,81,49,1.32,scattered clouds
265,Zarubino,RU,42.63,131.0922,32.7,95,100,2.59,overcast clouds
266,Nanortalik,GL,60.1432,-45.2371,34.18,83,100,9.84,overcast clouds
267,Point Pedro,LK,9.8167,80.2333,75.49,83,29,9.08,scattered clouds
268,Guatire,VE,10.4762,-66.5427,75.2,88,40,4.61,scattered clouds
269,Adrar,MR,20.5022,-10.0711,64.49,21,0,10.92,clear sky
270,Tabas,IR,33.5959,56.9244,48.2,21,0,6.91,clear sky
271,Alice Springs,AU,-23.7,133.8833,66.2,100,90,9.22,mist
272,Chara,RU,56.9064,118.2631,-10.28,81,100,5.14,overcast clouds
273,Cozumel,MX,20.5083,-86.9458,78.01,88,1,3.44,clear sky
274,Beringovskiy,RU,63.05,179.3167,-13.5,88,100,28.14,light snow
275,Marawi,PH,7.9986,124.2928,82.99,76,20,4.0,few clouds
276,Chigorodo,CO,7.6664,-76.6811,76.12,85,98,3.58,overcast clouds
277,Vardo,NO,70.3705,31.1107,20.35,92,98,8.23,overcast clouds
278,Havre-Saint-Pierre,CA,50.2334,-63.5986,21.2,63,90,9.22,overcast clouds
279,Numan,NG,9.4667,12.0333,71.74,21,96,2.75,overcast clouds
280,Talnakh,RU,69.4865,88.3972,-22.0,85,100,1.16,overcast clouds
281,Lata,PT,40.1629,-8.3327,52.0,97,100,2.26,overcast clouds
282,Darhan,MN,49.4867,105.9228,-12.1,82,7,1.86,clear sky
283,Damietta,EG,31.4165,31.8133,60.8,82,0,5.75,clear sky
284,Kjollefjord,NO,70.9457,27.3465,12.2,79,0,16.11,clear sky
285,Minuri,PH,16.535,121.8574,71.83,85,97,1.7,overcast clouds
286,Kiunga,PG,-6.1219,141.2906,74.3,97,100,2.73,overcast clouds
287,Jiaocheng,CN,24.6774,116.1389,60.85,76,100,1.92,overcast clouds
288,Mandurah,AU,-32.55,115.7,75.99,53,0,5.12,clear sky
289,Turayf,SA,31.6725,38.6637,50.0,81,0,13.8,clear sky
290,Mehamn,NO,71.0357,27.8492,12.2,79,0,16.11,clear sky
291,Malakal,SS,9.5334,31.6605,74.08,20,0,5.73,clear sky
292,Vila Franca Do Campo,PT,37.7167,-25.4333,60.01,94,20,12.66,few clouds
293,La Ronge,CA,55.1001,-105.2842,-18.4,69,31,1.23,scattered clouds
294,Shache,CN,38.4167,77.2406,33.6,82,0,3.44,clear sky
295,Christchurch,NZ,-43.5333,172.6333,68.0,64,40,18.41,scattered clouds
296,Biak,ID,-0.9131,122.8766,77.68,86,100,10.58,moderate rain
297,Ahipara,NZ,-35.1667,173.1667,72.72,52,0,3.4,clear sky
298,Cravo Norte,CO,6.3017,-70.2041,85.26,45,28,5.79,scattered clouds
299,Dhidhdhoo,MV,6.8833,73.1,79.83,62,100,4.63,overcast clouds
300,Viedma,AR,-40.8135,-62.9967,71.01,81,100,18.07,overcast clouds
301,Amurzet,RU,47.6967,131.0981,20.8,94,24,1.59,few clouds
302,Parakou,BJ,9.3372,2.6303,73.94,19,0,2.95,clear sky
303,Bethel,US,41.3712,-73.414,28.4,30,90,3.44,overcast clouds
304,Sangin,AF,32.0728,64.8359,54.88,36,0,3.89,clear sky
305,Veraval,IN,20.9,70.3667,68.76,47,1,8.81,clear sky
306,Hithadhoo,MV,-0.6,73.0833,82.24,73,95,11.59,overcast clouds
307,Opuwo,NA,-18.0607,13.84,62.92,82,100,5.26,overcast clouds
308,Usinsk,RU,65.9939,57.5281,-17.14,88,100,3.27,overcast clouds
309,Moratuwa,LK,6.773,79.8816,73.4,88,2,5.75,clear sky
310,Zemio,CF,5.0314,25.1361,67.73,31,0,2.21,clear sky
311,Tautira,PF,-17.7333,-149.15,86.0,65,75,20.71,light rain
312,Beloha,MG,-25.1667,45.05,75.69,74,97,12.41,overcast clouds
313,Airai,TL,-8.9266,125.4092,71.15,88,22,2.15,heavy intensity rain
314,Kamaishi,JP,39.2667,141.8833,30.2,80,75,3.44,broken clouds
315,Tsogni,GA,-2.7942,10.0988,78.06,87,100,6.31,light rain
316,Funtua,NG,11.5233,7.3081,66.42,24,0,10.04,clear sky
317,Moravita,RO,45.2558,21.2703,12.2,85,3,4.61,clear sky
318,Ostrovnoy,RU,68.0531,39.5131,0.37,91,100,7.58,overcast clouds
319,San Rafael,AR,-34.6177,-68.3301,69.8,56,75,21.85,heavy intensity rain
320,Wadi Maliz,TN,36.4681,8.5495,51.8,93,20,2.3,few clouds
321,Muzhi,RU,65.3667,64.6667,-16.98,88,100,2.21,overcast clouds
322,Gravelbourg,CA,49.8834,-106.5512,-16.6,63,94,6.91,overcast clouds
323,San Patricio,US,28.017,-97.5169,39.2,87,90,16.11,overcast clouds
324,Tuzha,RU,57.6062,47.936,7.59,95,100,10.92,snow
325,Rocha,UY,-34.4833,-54.3333,67.55,95,100,5.7,light rain
326,Bay Roberts,CA,47.5999,-53.2648,30.99,83,100,8.01,overcast clouds
327,Nador,MA,35.174,-2.9287,60.8,59,0,12.66,clear sky
328,Yumen,CN,40.2833,97.2,35.11,71,93,15.97,overcast clouds
329,Noumea,NC,-22.2763,166.4572,87.8,62,40,9.22,scattered clouds
330,Celestun,MX,20.8667,-90.4,75.78,86,6,5.66,clear sky
331,Mayo,US,38.8876,-76.5119,30.99,64,90,3.44,overcast clouds
332,Muroto,JP,33.2833,134.15,55.4,67,75,8.05,broken clouds
333,Yara,CU,20.2753,-76.9533,75.09,73,9,1.74,clear sky
334,Zlobin,HR,45.2924,14.6541,28.4,37,40,26.46,scattered clouds
335,Lumeje,AO,-11.55,20.7833,64.49,83,12,3.98,few clouds
336,Los Llanos De Aridane,ES,28.6585,-17.9182,64.4,68,0,9.22,clear sky
337,Homer,US,59.6425,-151.5483,34.0,75,75,4.61,broken clouds
338,Khani,GE,41.9563,42.9566,42.8,93,90,13.8,overcast clouds
339,Coos Bay,US,43.3665,-124.2179,50.0,93,90,9.22,moderate rain
340,Sertania,BR,-8.0736,-37.2644,74.5,74,15,10.67,few clouds
341,Ngunguru,NZ,-35.6167,174.5,77.0,57,2,7.0,clear sky
342,Souillac,MU,-20.5167,57.5167,78.8,83,40,10.36,scattered clouds
343,Donji Vakuf,BA,44.1436,17.4,19.81,80,100,5.39,overcast clouds
344,Araceli,PH,10.5529,119.9913,80.51,83,9,15.03,clear sky
345,Wattegama,LK,6.7989,81.4808,71.6,100,1,2.3,clear sky
346,Kisarawe,TZ,-6.9,39.0667,75.72,86,100,6.06,overcast clouds
347,Vanavara,RU,60.34,102.2797,-17.61,88,100,3.15,overcast clouds
348,Belyy Yar,RU,53.6039,91.3903,-25.6,75,0,2.24,mist
349,Codrington,AU,-38.2667,141.9667,65.16,56,2,10.58,clear sky
350,Pando,UY,-34.7167,-55.95,68.0,83,75,4.61,moderate rain
351,Waingapu,ID,-9.6567,120.2641,82.94,72,43,4.79,scattered clouds
352,Youkounkoun,GN,12.5333,-13.1333,79.65,17,0,6.49,clear sky
353,Abu Dhabi,AE,24.4667,54.3667,64.4,94,40,4.61,fog
354,Markivka,UA,49.5229,39.5705,17.06,86,100,21.03,snow
355,Mimongo,GA,-1.6195,11.6068,70.61,96,75,2.57,broken clouds
356,Flin Flon,CA,54.7682,-101.865,-20.2,69,1,0.51,clear sky
357,Harper,LR,4.375,-7.7169,79.2,89,0,9.24,clear sky
358,Tahe,CN,52.3333,124.7333,7.45,88,0,10.25,clear sky
359,Mount Gambier,AU,-37.8333,140.7667,62.6,77,90,8.05,overcast clouds
360,Strezhevoy,RU,60.7333,77.5889,-18.4,76,0,4.47,clear sky
361,Bouna,CI,9.2667,-3.0,76.96,18,0,1.39,clear sky
362,Lavrentiya,RU,65.5833,-171.0,-5.6,90,100,18.39,light snow
363,Angouleme,FR,45.65,0.15,28.4,86,0,5.75,clear sky
364,Canton,CN,23.1167,113.25,64.0,72,0,2.24,clear sky
365,Bambanglipuro,ID,-7.95,110.2833,79.95,80,39,3.27,scattered clouds
366,Wanning,CN,18.8003,110.3967,65.79,71,9,4.63,clear sky
367,Brae,GB,60.3964,-1.353,37.4,56,90,25.32,overcast clouds
368,Darya Khan,PK,31.7912,71.1039,57.61,37,99,4.0,overcast clouds
369,Channel-Port Aux Basques,CA,47.5702,-59.1367,27.46,94,91,16.58,overcast clouds
370,Safaga,EG,26.7292,33.9365,64.4,39,0,10.36,clear sky
371,Lebu,CL,-37.6167,-73.65,58.59,85,0,14.94,clear sky
372,Asfi,MA,32.2994,-9.2372,58.05,88,0,20.31,clear sky
373,Pandan Niog,PH,6.2282,120.5631,82.11,79,100,9.44,overcast clouds
374,Port Blair,IN,11.6667,92.75,78.69,76,100,8.7,overcast clouds
375,Semey,KZ,50.4111,80.2275,-16.6,83,0,4.47,clear sky
376,Vestmannaeyjar,IS,63.4427,-20.2734,41.36,89,100,47.98,overcast clouds
377,Skibbereen,IE,51.55,-9.2667,41.0,87,90,33.38,light rain
378,Kawalu,ID,-7.3817,108.2082,77.97,81,85,0.89,overcast clouds
379,Mweka,CD,-4.85,21.5667,69.26,96,100,1.1,light rain
380,Constitucion,CL,-35.3333,-72.4167,59.04,90,40,8.37,scattered clouds
381,Uzhur,RU,55.3036,89.8339,-19.53,85,28,3.27,scattered clouds
382,Rumford,US,44.5537,-70.5509,12.0,60,99,4.85,overcast clouds
383,Campbell River,CA,50.0163,-125.2446,30.2,47,90,10.36,overcast clouds
384,Bandarbeyla,SO,9.4942,50.8122,71.98,76,100,11.21,overcast clouds
385,Lagoa,PT,39.05,-27.9833,58.95,81,99,21.63,overcast clouds
386,Salinas,US,36.6777,-121.6555,55.4,76,90,10.36,overcast clouds
387,Toamasina,MG,-18.1667,49.3833,73.4,100,40,2.3,light rain
388,Narrabri,AU,-30.3167,149.7833,80.6,47,90,16.11,light rain
389,Bathsheba,BB,13.2167,-59.5167,78.8,69,20,18.41,few clouds
390,Fortuna Foothills,US,32.6578,-114.4119,69.8,34,1,9.22,clear sky
391,Bahia Blanca,AR,-38.7196,-62.2724,75.15,65,92,9.28,overcast clouds
392,Arawa,PG,-6.2132,155.5367,87.03,65,76,4.43,light rain
393,Kota,IN,25.1833,75.8333,58.51,35,0,3.33,clear sky
394,Rio De Janeiro,BR,-22.9028,-43.2075,80.6,94,75,3.44,light rain
395,Hermon,US,44.8101,-68.9134,12.99,61,20,3.44,few clouds
396,Acarau,BR,-2.8856,-40.12,80.02,81,85,12.21,overcast clouds
397,Takoradi,GH,4.8845,-1.7554,80.44,86,2,6.78,clear sky
398,Ushtobe,KZ,45.2514,77.9838,23.38,98,100,11.68,overcast clouds
399,Nakamura,JP,32.9833,132.9333,59.97,75,96,8.9,overcast clouds
400,Mayumba,GA,-3.432,10.6554,79.41,85,100,8.75,light rain
401,Tezu,IN,27.9167,96.1667,62.82,29,35,3.49,scattered clouds
402,Caribou,US,46.8606,-68.012,15.8,67,90,5.75,overcast clouds
403,Virginia Beach,US,36.8529,-75.978,39.2,75,90,13.8,haze
404,Cordoba,AR,-31.4135,-64.1811,69.01,94,0,3.44,clear sky
405,Colares,PT,38.7992,-9.4469,52.0,87,0,4.61,clear sky
406,Namatanai,PG,-3.6667,152.4333,86.2,65,83,5.32,light rain
407,Lufilufi,WS,-13.8745,-171.5986,83.52,67,18,7.0,light rain
408,Kortkeros,RU,61.8106,51.5806,-13.0,84,0,6.71,clear sky
409,Ewa Beach,US,21.3156,-158.0072,80.6,54,1,9.22,clear sky
410,San Andres,CO,12.5847,-81.7006,80.6,74,20,6.91,few clouds
411,Sidi Ali,DZ,36.0998,0.4206,52.57,98,3,7.14,clear sky
412,Dingle,PH,10.9995,122.6711,81.82,78,0,4.99,light rain
413,Hobyo,SO,5.3505,48.5268,74.79,78,85,15.12,overcast clouds
414,Cuenca,EC,-2.8833,-78.9833,60.8,88,75,11.5,broken clouds
415,Santa Cruz,BO,-17.8,-63.1667,71.6,88,40,3.44,scattered clouds
416,Guarda,PT,40.5373,-7.2658,43.0,92,100,2.57,overcast clouds
417,Rio Claro,BR,-22.4114,-47.5614,73.4,88,0,2.95,moderate rain
418,Moron,AR,-34.6534,-58.6198,73.99,64,90,3.44,moderate rain
419,Bikin,RU,46.8161,134.26,29.57,96,37,2.51,scattered clouds
420,Iranduba,BR,-3.2847,-60.1861,75.2,100,0,2.13,light rain
421,Barddhaman,IN,23.25,87.85,61.34,47,24,1.48,few clouds
422,Sao Filipe,CV,14.8961,-24.4956,72.5,63,0,15.57,clear sky
423,Correntina,BR,-13.3433,-44.6367,71.13,88,100,3.33,overcast clouds
424,Douglas,US,41.3,-96.167,0.0,65,90,5.75,overcast clouds
425,Williston,US,48.147,-103.618,-8.0,63,96,4.0,overcast clouds
426,Auki,SB,-8.7676,160.7034,77.86,91,100,11.68,moderate rain
427,Pundaguitan,PH,6.3711,126.1689,80.55,79,100,4.83,overcast clouds
428,Thunder Bay,CA,48.4001,-89.3168,-4.0,54,1,5.75,clear sky
429,Mpanda,TZ,-6.3655,31.0409,64.98,92,100,0.98,overcast clouds
430,Quatre Cocos,MU,-20.2078,57.7625,78.8,83,40,10.36,scattered clouds
431,Nemuro,JP,43.3236,145.575,19.4,73,75,2.3,broken clouds
432,Kirakira,SB,-10.4544,161.9205,82.67,81,100,12.62,overcast clouds
433,Hay River,CA,60.8156,-115.7999,-13.0,77,3,3.44,clear sky
434,Kamyaran,IR,34.7956,46.9355,33.8,75,0,4.61,clear sky
435,Pallisa,UG,1.145,33.7094,71.94,65,100,2.08,overcast clouds
436,Hanyang,CN,32.1371,105.5126,36.0,99,100,15.01,light rain
437,Uyemskiy,RU,64.4743,40.8524,-23.8,76,40,4.47,light snow
438,Podosinovets,RU,60.2776,47.0659,-5.35,90,100,7.54,overcast clouds
439,Alberton,CA,46.8168,-64.0654,26.6,80,98,14.97,overcast clouds
440,Deputatskiy,RU,69.3,139.9,-15.66,90,100,3.22,overcast clouds
441,Muisne,EC,0.6,-80.0333,77.58,83,100,0.78,overcast clouds
442,Inirida,CO,3.8653,-67.9239,75.33,91,100,1.7,overcast clouds
443,Northam,GB,51.0333,-4.2167,35.01,77,100,10.0,overcast clouds
444,Benjamin Hill,MX,30.1667,-111.1,70.0,27,0,5.99,clear sky
445,Ouidah,BJ,6.3631,2.0851,84.2,84,40,12.66,scattered clouds
446,Shingu,JP,33.7333,135.9833,59.0,67,40,4.61,scattered clouds
447,Melo,UY,-32.3667,-54.1833,68.58,92,100,4.94,moderate rain
448,Manado,ID,1.487,124.8455,80.6,89,40,5.75,moderate rain
449,Cervo,ES,43.6702,-7.4101,53.01,81,100,1.99,overcast clouds
450,Teguldet,RU,57.3064,88.1667,-21.28,86,100,5.32,overcast clouds
451,Kenora,CA,49.8167,-94.4337,-18.0,52,75,2.3,broken clouds
452,Jati,PK,24.3539,68.2671,64.47,30,0,8.41,clear sky
453,Guymon,US,36.6828,-101.4816,10.4,67,90,6.91,overcast clouds
454,Corn Island,NI,12.1694,-83.0418,79.36,76,67,13.82,broken clouds
455,Narsaq,GL,60.9167,-46.05,44.6,29,90,29.93,overcast clouds
456,Owando,CG,-0.4819,15.8999,78.01,66,62,3.85,broken clouds
457,Balma,FR,43.6111,1.4994,46.99,93,90,12.66,overcast clouds
458,Jvari,GE,42.7169,42.052,42.8,93,90,13.8,moderate rain
459,Carmen,MX,18.6333,-91.8333,78.8,78,75,6.91,broken clouds
460,Frunzivka,UA,47.3333,29.75,13.35,90,100,20.74,overcast clouds
461,Komsomolskiy,UZ,40.4272,71.7189,42.8,61,100,4.61,overcast clouds
462,Xinqing,CN,48.2333,129.5,16.39,91,64,4.56,broken clouds
463,Ellisras,ZA,-23.6649,27.7443,72.21,72,100,0.74,overcast clouds
464,Shestakovo,RU,56.4915,103.96,-11.97,87,100,5.48,overcast clouds
465,Ndjole,GA,-0.1783,10.7649,75.88,93,97,2.21,overcast clouds
466,Ler,SS,8.3018,30.1418,75.36,20,4,4.63,clear sky
467,Ranong,TH,9.9658,98.6348,73.4,94,0,1.14,clear sky
468,Pachora,IN,20.6667,75.35,67.17,30,0,1.86,clear sky
469,Borborema,BR,-21.6197,-49.0736,70.47,89,100,4.76,overcast clouds
470,Te Anau,NZ,-45.4167,167.7167,67.96,42,42,5.5,moderate rain
471,Pozo Colorado,PY,-23.4923,-58.7972,76.77,59,59,3.69,broken clouds
472,Mbuji-Mayi,CD,-6.15,23.6,70.45,91,96,1.95,overcast clouds
473,Busayra,JO,30.7376,35.6078,44.87,93,0,3.31,clear sky
474,Sobolevo,RU,54.4299,31.8996,8.46,94,100,22.64,snow
475,Praya,CV,14.9215,-23.5087,69.8,73,0,19.57,clear sky
476,Tyukalinsk,RU,55.8732,72.1967,-14.55,89,32,8.63,scattered clouds
477,Tigil,RU,57.8,158.6667,-2.06,82,0,5.08,clear sky
478,Pisco,PE,-13.7,-76.2167,73.4,78,0,16.11,clear sky
479,Ozernovskiy,RU,51.5,156.5167,27.28,97,100,5.1,light snow
480,Alcudia,ES,39.8532,3.1214,55.99,90,20,9.42,few clouds
481,Gat,IL,31.61,34.7642,53.01,100,0,1.01,clear sky
482,Novo Oriente,BR,-5.5344,-40.7742,76.35,70,3,0.2,clear sky
483,Karpogory,RU,64.0019,44.4451,-15.0,90,0,2.04,clear sky
484,Porbandar,IN,21.6422,69.6093,65.93,65,0,8.7,clear sky
485,Pailon,BO,-17.65,-62.75,69.8,94,62,2.3,broken clouds
486,Sabang,ID,5.8933,95.3214,82.76,77,53,13.51,broken clouds
487,Grafton,US,42.207,-71.6856,21.99,42,90,3.44,overcast clouds
488,Bucerias,MX,20.75,-105.3333,71.6,68,40,6.91,scattered clouds
489,Price,US,39.5994,-110.8107,44.6,49,90,10.36,overcast clouds
490,Sept-Iles,CA,50.2001,-66.3821,19.4,58,90,4.61,overcast clouds
491,Okhotsk,RU,59.3833,143.3,15.24,93,100,4.29,overcast clouds
492,Porkhov,RU,57.765,29.5561,-0.4,85,100,6.71,overcast clouds
493,Benghazi,LY,32.1167,20.0667,57.6,68,0,1.68,clear sky
494,Lere,NG,10.387,8.5726,64.78,25,82,4.56,broken clouds
495,Vao,NC,-22.6667,167.4833,78.78,75,0,7.36,clear sky
496,Smithers,CA,54.7804,-127.1743,10.4,56,1,5.75,clear sky
497,Kudahuvadhoo,MV,2.6708,72.8944,81.88,65,100,9.22,overcast clouds
498,Lamu,KE,-2.2717,40.902,78.8,83,75,3.44,haze
499,Maine-Soroa,NE,13.2114,12.0241,68.81,22,0,8.12,clear sky
500,Bonthe,SL,7.5264,-12.505,78.21,86,0,5.57,clear sky
501,Saint-Augustin,CA,51.226,-58.6502,16.0,92,2,12.77,clear sky
502,College,US,64.8569,-147.8028,10.0,61,20,1.5,few clouds
503,Changji,CN,44.0167,87.3167,12.2,92,99,2.24,mist
504,Churapcha,RU,62.0025,132.4325,3.49,90,100,4.61,overcast clouds
505,Saint-Joseph,RE,-21.3667,55.6167,78.8,65,0,6.91,light rain
506,Mirnyy,RU,62.5353,113.9611,-22.09,86,79,5.53,broken clouds
507,Horsham,GB,51.064,-0.3272,26.01,86,0,6.91,clear sky
508,Tallahassee,US,30.4383,-84.2807,69.01,88,90,3.44,overcast clouds
509,Kantunilkin,MX,21.0917,-87.45,78.8,83,40,9.22,scattered clouds
510,Myrtle Beach,US,33.6891,-78.8867,42.8,93,90,10.36,mist
511,Maarianhamina,AX,60.0973,19.9348,30.2,74,0,13.8,clear sky
512,Gorontalo,ID,0.5412,123.0595,81.59,79,100,3.18,heavy intensity rain
513,Sikasso,ML,10.9167,-7.0,73.96,19,0,1.54,clear sky
514,Lusambo,CD,-4.9667,23.45,70.63,95,100,0.65,overcast clouds
515,Tiarei,PF,-17.5333,-149.3333,86.0,65,75,20.71,broken clouds
516,Tura,IN,25.5198,90.2201,61.09,55,0,2.75,clear sky
517,Port-Gentil,GA,-0.7193,8.7815,81.61,79,100,11.97,light rain
518,Haubourdin,FR,50.6083,2.9914,23.0,68,0,14.97,clear sky
519,Yazykovo,RU,55.2199,56.1353,32.77,96,100,11.43,overcast clouds
520,Oistins,BB,13.0667,-59.5333,78.8,69,20,18.41,few clouds
521,Kalemie,CD,-5.9475,29.1947,69.8,83,100,4.16,overcast clouds
522,Zhigansk,RU,66.7697,123.3711,-9.4,90,100,10.13,overcast clouds
523,Pangoa,PE,-12.1167,-73.0,69.35,96,100,1.83,overcast clouds
524,Jacqueville,CI,5.2052,-4.4146,82.4,94,20,10.36,few clouds
525,San Carlos De Bariloche,AR,-41.1456,-71.3082,71.6,53,75,13.8,broken clouds
526,Sagpon,PH,13.15,123.7333,80.31,81,93,8.41,overcast clouds
527,San Luis,AR,-33.295,-66.3356,71.6,48,44,4.54,scattered clouds
528,Leshukonskoye,RU,64.8989,45.7622,-14.58,90,1,1.57,clear sky
529,Troitsko-Pechorsk,RU,62.7084,56.1964,-16.35,88,62,4.99,broken clouds
530,Talara,PE,-4.5772,-81.2719,74.68,85,85,12.55,overcast clouds
531,Kushiro,JP,42.975,144.3747,28.4,74,75,2.3,broken clouds
532,Bima,ID,-8.4667,118.7167,83.3,73,100,2.71,overcast clouds
533,Malindi,KE,-3.2175,40.1191,77.23,85,100,6.44,overcast clouds
534,Barrow,US,71.2906,-156.7887,-9.4,70,75,8.05,light snow
535,San Quintin,MX,30.4833,-115.95,58.15,70,16,21.21,few clouds
536,Berlevag,NO,70.8578,29.0864,12.2,79,0,16.11,clear sky
537,Pecos,US,31.4229,-103.4932,26.6,86,90,8.05,overcast clouds
538,Mulege,MX,26.8833,-111.9833,67.08,43,100,3.53,overcast clouds
539,Balkhash,KZ,46.844,74.9804,11.25,93,100,12.66,overcast clouds
540,Naze,JP,28.3667,129.4833,69.8,78,75,21.85,broken clouds
541,Takab,IR,36.4009,47.1133,33.19,69,100,0.56,overcast clouds
542,Vila Velha,BR,-20.3297,-40.2925,78.01,83,20,5.75,light rain
543,Bucak,TR,37.4592,30.595,55.0,80,0,4.61,clear sky
544,Nigde,TR,37.8333,34.75,33.76,88,100,4.68,overcast clouds
545,Mecca,SA,21.4267,39.8261,74.19,63,16,2.84,few clouds
546,Abadiania,BR,-16.2042,-48.7069,64.4,100,40,8.05,moderate rain
547,Fayaoue,NC,-20.65,166.5333,80.13,70,0,4.41,clear sky
548,Porto Recanati,IT,43.4365,13.6613,39.0,21,100,1.01,overcast clouds
549,Okato,NZ,-39.2,173.8833,70.0,65,26,5.99,scattered clouds
550,Upata,VE,8.0086,-62.3989,75.99,88,0,5.99,clear sky
551,Pinega,RU,64.7001,43.3936,-14.4,89,5,3.8,clear sky
552,Bolivar,US,37.6145,-93.4105,14.0,67,100,10.89,overcast clouds
553,Marfino,RU,55.7028,37.3822,6.8,78,75,17.9,heavy snow
554,Ixtapa,MX,20.7,-105.2,71.6,68,40,6.91,scattered clouds
555,Sultanpur,IN,26.2667,82.0667,52.93,69,0,2.08,clear sky
556,Gallipoli,TR,40.4103,26.6708,35.6,60,0,17.27,clear sky
557,Kutum,SD,14.2,24.6667,60.24,33,59,10.16,broken clouds
558,Praia Da Vitoria,PT,38.7333,-27.0667,60.01,82,40,28.39,scattered clouds
559,Canto Do Buriti,BR,-8.11,-42.9444,76.91,74,51,2.17,broken clouds
560,Moose Factory,CA,51.2585,-80.6094,-7.6,77,1,5.75,clear sky
561,Batemans Bay,AU,-35.7167,150.1833,70.0,73,100,1.99,overcast clouds
562,Beira,MZ,-19.8436,34.8389,74.97,86,76,8.5,broken clouds
563,Pokhara,NP,28.2333,83.9833,54.73,41,0,3.56,clear sky
564,Bonnyville,CA,54.2668,-110.735,-4.0,54,90,3.44,overcast clouds
565,Rupert,US,42.6191,-113.6772,35.6,80,90,18.41,overcast clouds
566,Finschhafen,PG,-6.6024,147.8681,84.83,69,88,0.83,light rain
567,Male,MV,4.1748,73.5089,80.6,78,40,11.5,scattered clouds
568,Mandalgovi,MN,45.7625,106.2708,4.68,74,100,8.63,overcast clouds
569,Lake Charles,US,30.2131,-93.2044,37.4,87,90,12.66,overcast clouds
570,Chanthaburi,TH,12.8333,102.1667,80.01,58,0,0.38,clear sky
571,Dukat,RU,62.55,155.55,-10.61,85,1,4.45,clear sky
572,Finote Selam,ET,10.7,37.2667,57.78,36,29,3.0,scattered clouds
573,Kysyl-Syr,RU,63.8986,122.7617,-13.65,88,100,6.67,overcast clouds
574,Bloomingdale,US,27.8936,-82.2404,73.99,78,40,3.44,scattered clouds
575,Felanitx,ES,39.4696,3.1483,57.2,77,20,4.61,few clouds
576,Jalu,LY,29.0331,21.5482,51.04,74,0,6.22,clear sky
577,Dicabisagan,PH,17.0818,122.4157,75.56,77,74,6.31,broken clouds
578,Nizwa,OM,22.9333,57.5333,56.66,63,0,1.79,clear sky
579,Palmer,US,42.1584,-72.3287,21.99,49,90,1.63,overcast clouds
580,Palma Di Montechiaro,IT,37.1926,13.765,46.99,95,94,1.01,overcast clouds
581,Urubicha,BO,-15.3833,-62.95,71.6,98,35,2.01,scattered clouds
582,Moree,AU,-29.4667,149.85,87.8,37,75,10.36,light rain
583,Tommot,RU,58.9564,126.2925,-8.77,87,100,8.95,overcast clouds
584,Mallaig,CA,54.2169,-111.3685,-5.8,71,100,5.75,overcast clouds
585,Madera,US,37.1666,-119.8343,53.01,77,70,4.0,broken clouds
586,Ugoofaaru,MV,5.6667,73.0,80.28,64,100,9.98,overcast clouds
587,Tutubigan,PH,11.8397,125.0614,83.03,74,0,0.36,clear sky
588,Yelkhovka,RU,53.8667,50.2832,30.2,100,90,8.95,snow
589,General Roca,AR,-39.0333,-67.5833,82.4,36,0,8.05,clear sky
590,Ous,RU,60.9058,61.5186,-6.66,92,100,2.95,light snow
591,Caninde De Sao Francisco,BR,-9.66,-37.7894,76.03,72,0,10.36,clear sky
592,Rawson,AR,-43.3002,-65.1023,70.9,64,0,11.95,clear sky
593,Noshiro,JP,40.2039,140.0242,23.0,100,0,3.69,clear sky
594,Oriximina,BR,-1.7656,-55.8661,78.57,85,92,1.97,overcast clouds
595,Bud,US,39.447,-86.1758,25.0,75,90,8.68,overcast clouds
596,Goundam,ML,16.4145,-3.6708,73.44,18,0,6.64,clear sky
597,Baie-Comeau,CA,49.2168,-68.1489,21.2,58,90,5.75,overcast clouds
598,Zabol,AF,32.25,67.25,41.5,56,0,2.48,clear sky
599,Gayny,RU,60.3071,54.3241,-0.92,93,100,4.88,overcast clouds
600,Puksoozero,RU,62.5903,40.6066,-13.47,89,4,0.98,clear sky
601,Sao Jose Da Coroa Grande,BR,-8.8978,-35.1478,78.98,79,0,9.48,clear sky
602,Indramayu,ID,-6.3264,108.32,80.13,79,100,5.75,light rain
603,Grindavik,IS,63.8424,-22.4338,41.0,70,75,29.93,broken clouds
604,The Valley,AI,18.217,-63.0578,77.0,78,20,13.8,few clouds
605,Kandrian,PG,-6.2167,149.55,87.96,61,99,3.98,light rain
606,Cayenne,GF,4.9333,-52.3333,77.0,100,90,8.05,overcast clouds
607,Bambous Virieux,MU,-20.3428,57.7575,78.8,83,40,10.36,scattered clouds
608,Itoman,JP,26.1247,127.6694,69.8,88,40,12.66,scattered clouds
609,Sakakah,SA,29.9697,40.2064,59.0,47,0,6.91,clear sky
610,Belchertown,US,42.277,-72.4009,21.99,49,90,1.77,overcast clouds
611,Mingaora,PK,34.7758,72.3625,52.12,37,100,6.64,overcast clouds
612,Zhangye,CN,38.9342,100.4517,36.52,66,40,4.47,scattered clouds
613,Iralaya,HN,15.0,-83.2333,80.6,74,1,10.36,clear sky
614,Genhe,CN,50.7833,121.5167,-5.98,89,100,5.77,overcast clouds
615,Keith,GB,57.5363,-2.9481,34.0,69,75,18.41,broken clouds
616,Mizdah,LY,31.4451,12.9801,52.29,48,0,5.32,clear sky
617,Kankan,GN,10.3854,-9.3057,75.18,19,0,3.38,clear sky
618,Sechura,PE,-5.5569,-80.8222,79.52,65,100,15.28,overcast clouds
619,Samarai,PG,-10.6167,150.6667,84.16,68,75,9.4,broken clouds
620,Seidu,SL,9.0167,-10.6,71.15,51,0,3.83,clear sky
621,Hami,CN,42.8,93.45,30.06,86,0,3.06,clear sky
622,Maralal,KE,1.0968,36.698,63.05,74,86,3.56,light rain
623,Emerald,AU,-23.5333,148.1667,84.2,45,2,9.22,clear sky
624,Porto Walter,BR,-8.2686,-72.7439,73.92,96,100,1.34,overcast clouds
625,Salinopolis,BR,-0.6136,-47.3561,79.2,87,100,11.74,overcast clouds
626,Tuban,ID,-6.8976,112.0649,80.29,82,100,8.25,overcast clouds
627,Havelian,PK,34.0536,73.1657,54.0,66,100,7.29,overcast clouds
628,Banda Aceh,ID,5.5577,95.3222,80.26,77,69,7.43,broken clouds
629,Vanderhoof,CA,54.0166,-124.0198,-4.47,90,91,1.95,overcast clouds
630,Muros,ES,42.7762,-9.0603,55.99,76,100,11.99,overcast clouds
631,Urazovka,RU,55.4013,45.6186,32.18,98,100,9.86,overcast clouds
632,Arman,RU,59.7,150.1667,12.85,86,100,1.63,overcast clouds
633,Booue,GA,-0.0921,11.9385,74.34,90,3,2.37,clear sky
634,Singaraja,ID,-8.112,115.0882,83.08,65,44,1.95,scattered clouds
635,Sur,OM,22.5667,59.5289,67.53,57,0,3.94,clear sky
636,Shelburne,CA,44.0787,-80.2041,10.4,72,90,2.3,overcast clouds
637,Klerksdorp,ZA,-26.8521,26.6667,63.19,78,0,6.06,clear sky
638,Basi,IN,26.8333,76.0333,55.4,58,0,4.61,haze
639,Vesoul,FR,47.5833,5.8333,21.99,92,0,2.3,clear sky
640,Gimli,CA,50.6336,-96.9907,-20.2,63,100,1.59,overcast clouds
641,Iwanai,JP,42.9744,140.5089,37.47,77,75,3.04,broken clouds
642,Fare,PF,-16.7,-151.0167,81.73,74,43,11.21,scattered clouds
643,Porto Velho,BR,-8.7619,-63.9039,78.8,89,75,3.44,light rain
644,Mezen,RU,65.8522,44.24,-13.18,89,42,5.35,scattered clouds
645,Adolfo Lopez Mateos,MX,28.4667,-107.3,57.99,22,97,5.01,overcast clouds
646,Lourdes,FR,43.1,-0.05,48.2,93,90,8.05,overcast clouds
647,Encruzilhada Do Sul,BR,-30.5439,-52.5219,63.25,100,100,7.16,moderate rain
648,Eenhana,NA,-17.4667,16.3333,71.6,83,99,4.61,overcast clouds
649,Niksic,ME,42.7731,18.9445,44.6,29,0,4.61,clear sky
650,Nizhniy Tsasuchey,RU,50.5167,115.1333,-6.23,81,0,14.34,clear sky
651,Onega,RU,63.9061,38.1404,-7.69,89,80,7.61,broken clouds
652,Dois Vizinhos,BR,-25.7336,-53.0572,63.73,95,83,1.45,broken clouds
653,Nizhniy Kuranakh,RU,58.8353,125.4869,-10.75,87,100,6.49,overcast clouds
654,Camopi,GF,3.1655,-52.3158,72.66,98,96,2.62,overcast clouds
655,Aripuana,BR,-9.1667,-60.6333,74.86,95,34,0.92,scattered clouds
656,Caravelas,BR,-17.7125,-39.2481,76.46,84,95,6.46,overcast clouds
657,Midland,US,31.9974,-102.0779,21.2,93,90,10.36,overcast clouds
658,Labuan,MY,5.2767,115.2417,78.8,83,20,5.75,few clouds
659,Gouyave,GD,12.1646,-61.7296,78.8,78,75,21.85,broken clouds
660,Sinnamary,GF,5.3833,-52.95,78.1,87,98,14.52,overcast clouds
661,Sibolga,ID,1.7427,98.7792,78.89,71,16,2.48,few clouds
662,Kochki,RU,54.3358,80.4806,-22.54,84,0,5.57,clear sky
663,Keshorai Patan,IN,25.3,75.9333,57.54,37,0,3.51,clear sky
664,Okha,RU,53.5739,142.9478,14.88,96,100,3.69,overcast clouds
665,Storm Lake,US,42.6411,-95.2097,-4.0,59,90,9.22,overcast clouds
666,Kathu,TH,7.9178,98.3332,78.8,83,20,5.75,few clouds
667,Plettenberg Bay,ZA,-34.0527,23.3716,71.67,93,69,2.95,broken clouds
668,Orlik,RU,52.5178,99.825,-20.42,73,100,1.88,overcast clouds
669,Weihe,CN,32.9952,105.3247,43.14,63,100,5.35,overcast clouds
670,Banon,ES,40.8382,-1.1909,57.2,47,77,13.8,broken clouds
671,Szigetvar,HU,46.0486,17.8055,19.0,73,49,1.01,scattered clouds
672,Wanaka,NZ,-44.7,169.15,69.35,38,77,5.84,light rain
673,Dubti,ET,11.7361,41.0853,75.45,35,100,8.03,overcast clouds
674,Belaya Gora,RU,68.5333,146.4167,-25.02,78,0,2.71,clear sky
675,Danjiangkou,CN,32.5428,111.5086,53.11,86,100,4.05,overcast clouds
676,Kizner,RU,56.2749,51.508,26.47,98,100,4.54,snow
677,Ogaminana,NG,7.5946,6.2248,78.33,76,95,4.54,overcast clouds
678,Sawtell,AU,-30.3833,153.1,80.6,69,90,5.75,overcast clouds
679,Chapais,CA,49.7834,-74.8492,-4.0,77,90,5.75,light snow
680,Bratsk,RU,56.1325,101.6142,-14.01,76,100,4.47,overcast clouds
681,Olinda,BR,-8.0089,-34.8553,78.8,73,40,10.36,scattered clouds
682,Waipawa,NZ,-41.4122,175.5153,71.6,53,0,12.66,clear sky
683,Vila Do Maio,CV,15.1333,-23.2167,69.8,73,0,19.57,clear sky
684,Port Augusta,AU,-32.5,137.7667,73.0,56,90,10.36,overcast clouds
685,Zherdevka,RU,51.8486,41.4606,22.77,96,99,17.34,overcast clouds
686,Porto Novo,BJ,6.4965,2.6036,84.2,84,40,12.66,scattered clouds
687,Buala,SB,-8.145,159.5921,80.11,85,100,10.87,light rain
688,Henties Bay,NA,-22.116,14.2845,69.01,90,53,4.0,broken clouds
689,Terra Santa,BR,-2.1042,-56.4869,77.25,87,56,1.52,broken clouds
690,Shimoda,JP,34.6667,138.95,53.6,82,40,9.22,scattered clouds
691,Zhanaozen,KZ,43.3,52.8,43.16,72,0,19.8,clear sky
692,Salem,IN,11.65,78.1667,62.65,87,100,3.02,overcast clouds
693,Novyy Urgal,RU,51.0736,132.5642,14.49,93,31,6.67,scattered clouds
694,Santa Flavia,IT,38.085,13.5351,57.99,55,100,11.99,overcast clouds
695,Formosa,AR,-26.1775,-58.1781,75.2,83,0,3.44,clear sky
696,Zlotow,PL,53.3635,17.0408,24.01,97,0,3.0,clear sky
697,Bloomfield,US,40.8068,-74.1854,30.2,37,90,4.61,overcast clouds
698,Ruidoso,US,33.3317,-105.673,41.0,48,90,6.91,overcast clouds
699,Kapchorwa,UG,1.3965,34.4509,64.2,64,100,4.79,overcast clouds
700,Vryheid,ZA,-27.7695,30.7917,62.35,95,98,2.89,overcast clouds
701,Jinchang,CN,38.4953,102.1739,38.98,63,0,8.21,clear sky
702,Gasa,PS,31.5,34.4667,53.01,100,0,1.01,clear sky
703,Neyshabur,IR,36.2133,58.7958,45.43,55,0,0.69,clear sky
704,Sioux Lookout,CA,50.1001,-91.917,-16.6,63,20,2.3,few clouds
705,Pumiao,CN,22.75,108.4833,51.8,93,0,2.24,clear sky
706,Margahovit,AM,40.7338,44.6847,33.8,86,3,6.58,clear sky
707,Naples,IT,40.8333,14.25,44.6,87,75,6.91,moderate rain
708,Kamyshin,RU,50.0983,45.416,34.16,96,100,9.62,overcast clouds
709,Westport,US,41.1415,-73.3579,28.99,34,90,5.75,overcast clouds
710,Cabarroguis,PH,16.5833,121.5,72.64,82,97,1.66,overcast clouds
711,Omboue,GA,-1.5746,9.2618,78.93,85,100,6.46,light rain
712,Bardiyah,LY,31.7561,25.0865,55.54,74,0,5.84,clear sky
713,Simao,CN,22.7886,100.9748,53.85,70,16,0.69,few clouds
714,Fort Nelson,CA,58.8053,-122.7002,5.0,61,1,2.3,clear sky
715,Brigantine,US,39.4101,-74.3646,28.99,64,90,3.44,overcast clouds
716,Praia,CV,14.9215,-23.5087,69.8,73,0,19.57,clear sky
